Date,Open,High,Low,Close,Adj Close,Volume
10/6/2025,63.82,63.82,63.82,63.82,63.168159,0
10/7/2025,63.560001,63.560001,63.560001,63.560001,62.910816,0
10/8/2025,63.919998,63.919998,63.919998,63.919998,63.267136,0
10/9/2025,63.75,63.75,63.75,63.75,63.098873,0
10/10/2025,62.049999,62.049999,62.049999,62.049999,61.416237,0
10/13/2025,63.009998,63.009998,63.009998,63.009998,62.366432,0
10/14/2025,62.919998,62.919998,62.919998,62.919998,62.277351,0
10/15/2025,63.169998,63.169998,63.169998,63.169998,62.524796,0
10/16/2025,62.77,62.77,62.77,62.77,62.128883,0
10/17/2025,63.119999,63.119999,63.119999,63.119999,62.475307,0
10/20/2025,63.799999,63.799999,63.799999,63.799999,63.148361,0
10/21/2025,63.810001,63.810001,63.810001,63.810001,63.158264,0
10/22/2025,63.470001,63.470001,63.470001,63.470001,62.821735,0
10/23/2025,63.830002,63.830002,63.830002,63.830002,63.178059,0
10/24/2025,64.32,64.32,64.32,64.32,63.663052,0
10/27/2025,65.099998,65.099998,65.099998,65.099998,64.435081,0
10/28/2025,65.260002,65.260002,65.260002,65.260002,64.593452,0
10/29/2025,65.260002,65.260002,65.260002,65.260002,64.593452,0
10/30/2025,64.629997,64.629997,64.629997,64.629997,63.969883,0
10/31/2025,64.779999,64.779999,64.779999,64.779999,64.118355,0
11/3/2025,64.889999,64.889999,64.889999,64.889999,64.227234,0
11/4/2025,64.150002,64.150002,64.150002,64.150002,63.494789,0
11/5/2025,64.370003,64.370003,64.370003,64.370003,63.712543,0
11/6/2025,63.669998,63.669998,63.669998,63.669998,63.019691,0
11/7/2025,63.75,63.75,63.75,63.75,63.098873,0
11/10/2025,64.739998,64.739998,64.739998,64.739998,64.078758,0
11/11/2025,64.900002,64.900002,64.900002,64.900002,64.237129,0
11/12/2025,64.949997,64.949997,64.949997,64.949997,64.286613,0
11/13/2025,63.900002,63.900002,63.900002,63.900002,63.247345,0
11/14/2025,63.880001,63.880001,63.880001,63.880001,63.227547,0
11/17/2025,63.310001,63.310001,63.310001,63.310001,62.663368,0
11/18/2025,62.799999,62.799999,62.799999,62.799999,62.158577,0
11/19/2025,63.040001,63.040001,63.040001,63.040001,62.396126,0
11/20/2025,62.080002,62.080002,62.080002,62.080002,61.445934,0
11/21/2025,62.709999,62.709999,62.709999,62.709999,62.069496,0
11/24/2025,63.650002,63.650002,63.650002,63.650002,62.999897,0
11/25/2025,64.239998,64.239998,64.239998,64.239998,63.583866,0
11/26/2025,64.669998,64.669998,64.669998,64.669998,64.009476,0
11/28/2025,65.010002,65.010002,65.010002,65.010002,64.346008,0
12/1/2025,64.669998,64.669998,64.669998,64.669998,64.009476,0
12/2/2025,64.82,64.82,64.82,64.82,64.157944,0
12/3/2025,65.010002,65.010002,65.010002,65.010002,64.346008,0
12/4/2025,65.07,65.07,65.07,65.07,64.405396,0
12/5/2025,65.199997,65.199997,65.199997,65.199997,64.534065,0
12/8/2025,64.970001,64.970001,64.970001,64.970001,64.306412,0
12/9/2025,64.900002,64.900002,64.900002,64.900002,64.237129,0
12/10/2025,65.349998,65.349998,65.349998,65.349998,64.682533,0
12/11/2025,65.5,65.5,65.5,65.5,64.831001,0
12/12/2025,64.160004,64.160004,64.160004,64.160004,64.160004,0
12/15/2025,64.080002,64.080002,64.080002,64.080002,64.080002,0
12/16/2025,63.91,63.91,63.91,63.91,63.91,0
12/17/2025,63.189999,63.189999,63.189999,63.189999,63.189999,0
12/18/2025,63.66,63.66,63.66,63.66,63.66,0
12/19/2025,64.209999,64.209999,64.209999,64.209999,64.209999,0
12/22/2025,64.629997,64.629997,64.629997,64.629997,64.629997,0
12/23/2025,64.93,64.93,64.93,64.93,64.93,0
12/24/2025,65.139999,65.139999,65.139999,65.139999,65.139999,0
12/26/2025,65.129997,65.129997,65.129997,65.129997,65.129997,0
12/29/2025,64.910004,64.910004,64.910004,64.910004,64.910004,0
12/30/2025,64.830002,64.830002,64.830002,64.830002,64.830002,0
12/31/2025,64.370003,64.370003,64.370003,64.370003,64.370003,0
1/2/2026,64.510002,64.510002,64.510002,64.510002,64.510002,0
1/5/2026,64.910004,64.910004,64.910004,64.910004,64.910004,0
1/6/2026,65.290001,65.290001,65.290001,65.290001,65.290001,0
1/7/2026,65.07,65.07,65.07,65.07,65.07,0
1/8/2026,65.099998,65.099998,65.099998,65.099998,65.099998,0
1/9/2026,65.489998,65.489998,65.489998,65.489998,65.489998,0
1/12/2026,65.580002,65.580002,65.580002,65.580002,65.580002,0
1/13/2026,65.449997,65.449997,65.449997,65.449997,65.449997,0
1/14/2026,65.120003,65.120003,65.120003,65.120003,65.120003,0
1/15/2026,65.300003,65.300003,65.300003,65.300003,65.300003,0
1/16/2026,65.269997,65.269997,65.269997,65.269997,65.269997,0
1/20/2026,63.91,63.91,63.91,63.91,63.91,0
1/21/2026,64.660004,64.660004,64.660004,64.660004,64.660004,0
1/22/2026,65.010002,65.010002,65.010002,65.010002,65.010002,0
1/23/2026,65.040001,65.040001,65.040001,65.040001,65.040001,0
1/26/2026,65.360001,65.360001,65.360001,65.360001,65.360001,0
1/27/2026,65.629997,65.629997,65.629997,65.629997,65.629997,0
1/28/2026,65.620003,65.620003,65.620003,65.620003,65.620003,0
1/29/2026,65.540001,65.540001,65.540001,65.540001,65.540001,0
1/30/2026,65.260002,65.260002,65.260002,65.260002,65.260002,0
2/2/2026,65.610001,65.610001,65.610001,65.610001,65.610001,0
2/3/2026,65.059998,65.059998,65.059998,65.059998,65.059998,0
2/4/2026,64.730003,64.730003,64.730003,64.730003,64.730003,0
2/5/2026,63.939999,63.939999,63.939999,63.939999,63.939999,0
2/6/2026,65.199997,65.199997,65.199997,65.199997,65.199997,0
2/9/2026,65.510002,65.510002,65.510002,65.510002,65.510002,0
2/10/2026,65.290001,65.290001,65.290001,65.290001,65.290001,0
2/11/2026,65.290001,65.290001,65.290001,65.290001,65.290001,0
2/12/2026,64.269997,64.269997,64.269997,64.269997,64.269997,0
2/13/2026,64.309998,64.309998,64.309998,64.309998,64.309998,0
2/17/2026,64.379997,64.379997,64.379997,64.379997,64.379997,0
2/18/2026,64.739998,64.739998,64.739998,64.739998,64.739998,0
2/19/2026,64.57,64.57,64.57,64.57,64.57,0
2/20/2026,65.019997,65.019997,65.019997,65.019997,65.019997,0
2/23/2026,64.339996,64.339996,64.339996,64.339996,64.339996,0
2/24/2026,64.839996,64.839996,64.839996,64.839996,64.839996,0
2/25/2026,65.370003,65.370003,65.370003,65.370003,65.370003,0
2/26/2026,65.019997,65.019997,65.019997,65.019997,65.019997,0
2/27/2026,64.739998,64.739998,64.739998,64.739998,64.739998,0
3/2/2026,64.769997,64.769997,64.769997,64.769997,64.769997,0
3/3/2026,64.160004,64.160004,64.160004,64.160004,64.160004,0
3/4/2026,64.660004,64.660004,64.660004,64.660004,64.660004,0
3/5/2026,64.300003,64.300003,64.300003,64.300003,64.300003,0
3/6/2026,63.450001,63.450001,63.450001,63.450001,63.450001,0
3/9/2026,63.990002,63.990002,63.990002,63.990002,63.990002,0
3/10/2026,63.860001,63.860001,63.860001,63.860001,63.860001,0
3/11/2026,63.810001,63.810001,63.810001,63.810001,63.810001,0
3/12/2026,62.830002,62.830002,62.830002,62.830002,62.830002,0
3/13/2026,62.459999,62.459999,62.459999,62.459999,62.459999,0
3/16/2026,63.099998,63.099998,63.099998,63.099998,63.099998,0
3/17/2026,63.259998,63.259998,63.259998,63.259998,63.259998,0
3/18/2026,62.41,62.41,62.41,62.41,62.41,0
3/19/2026,62.25,62.25,62.25,62.25,62.25,0
3/20/2026,61.299999,61.299999,61.299999,61.299999,61.299999,0
3/23/2026,62,62,62,62,62,0
3/24/2026,61.759998,61.759998,61.759998,61.759998,61.759998,0
3/25/2026,62.099998,62.099998,62.099998,62.099998,62.099998,0
3/26/2026,61.029999,61.029999,61.029999,61.029999,61.029999,0
3/27/2026,60.009998,60.009998,60.009998,60.009998,60.009998,0
3/30/2026,59.77,59.77,59.77,59.77,59.77,0
3/31/2026,61.52,61.52,61.52,61.52,61.52,0
4/1/2026,61.959999,61.959999,61.959999,61.959999,61.959999,0
4/2/2026,62.029999,62.029999,62.029999,62.029999,62.029999,0
4/6/2026,62.310001,62.310001,62.310001,62.310001,62.310001,0
4/7/2026,62.349998,62.349998,62.349998,62.349998,62.349998,0
4/8/2026,63.91,63.91,63.91,63.91,63.91,0
4/9/2026,64.309998,64.309998,64.309998,64.309998,64.309998,0
4/10/2026,64.239998,64.239998,64.239998,64.239998,64.239998,0
4/13/2026,64.900002,64.900002,64.900002,64.900002,64.900002,0
4/14/2026,65.660004,65.660004,65.660004,65.660004,65.660004,0
4/15/2026,66.190002,66.190002,66.190002,66.190002,66.190002,0
4/16/2026,66.360001,66.360001,66.360001,66.360001,66.360001,0
4/17/2026,67.160004,67.160004,67.160004,67.160004,67.160004,0
4/20/2026,67,67,67,67,67,0
4/21/2026,66.580002,66.580002,66.580002,66.580002,66.580002,0
4/22/2026,67.269997,67.269997,67.269997,67.269997,67.269997,0
4/23/2026,67,67,67,67,67,0
4/24/2026,67.529999,67.529999,67.529999,67.529999,67.529999,0
4/27/2026,67.620003,67.620003,67.620003,67.620003,67.620003,0
4/28/2026,67.279999,67.279999,67.279999,67.279999,67.279999,0
4/29/2026,67.260002,67.260002,67.260002,67.260002,67.260002,0
4/30/2026,67.949997,67.949997,67.949997,67.949997,67.949997,0
5/1/2026,68.150002,68.150002,68.150002,68.150002,68.150002,0
5/4/2026,67.870003,67.870003,67.870003,67.870003,67.870003,0
5/5/2026,68.43,68.43,68.43,68.43,68.43,0
5/6/2026,69.43,69.43,69.43,69.43,69.43,0
5/7/2026,69.160004,69.160004,69.160004,69.160004,69.160004,0
5/8/2026,69.75,69.75,69.75,69.75,69.75,0
5/11/2026,69.889999,69.889999,69.889999,69.889999,69.889999,0
5/12/2026,69.779999,69.779999,69.779999,69.779999,69.779999,0
5/13/2026,70.190002,70.190002,70.190002,70.190002,70.190002,0
5/14/2026,70.730003,70.730003,70.730003,70.730003,70.730003,0
5/15/2026,69.870003,69.870003,69.870003,69.870003,69.870003,0
5/18/2026,69.82,69.82,69.82,69.82,69.82,0
5/19/2026,69.360001,69.360001,69.360001,69.360001,69.360001,0
5/20/2026,70.110001,70.110001,70.110001,70.110001,70.110001,0
5/21/2026,70.239998,70.239998,70.239998,70.239998,70.239998,0
5/22/2026,70.5,70.5,70.5,70.5,70.5,0
5/26/2026,70.93,70.93,70.93,70.93,70.93,0
5/27/2026,70.949997,70.949997,70.949997,70.949997,70.949997,0
5/28/2026,71.349998,71.349998,71.349998,71.349998,71.349998,0
5/29/2026,71.510002,71.510002,71.510002,71.510002,71.510002,0
6/1/2026,71.699997,71.699997,71.699997,71.699997,71.699997,0
6/2/2026,71.800003,71.800003,71.800003,71.800003,71.800003,0
6/3/2026,71.269997,71.269997,71.269997,71.269997,71.269997,0
6/4/2026,71.57,71.57,71.57,71.57,71.57,0
6/5/2026,69.690002,69.690002,69.690002,69.690002,69.690002,0
6/8/2026,69.900002,69.900002,69.900002,69.900002,69.900002,0
6/9/2026,69.699997,69.699997,69.699997,69.699997,69.699997,0
6/10/2026,68.559998,68.559998,68.559998,68.559998,68.559998,0
6/11/2026,69.790001,69.790001,69.790001,69.790001,69.790001,0
6/12/2026,70.139999,70.139999,70.139999,70.139999,70.139999,0
6/15/2026,71.339996,71.339996,71.339996,71.339996,71.339996,0
6/16/2026,70.900002,70.900002,70.900002,70.900002,70.900002,0
6/17/2026,70.059998,70.059998,70.059998,70.059998,70.059998,0
6/18/2026,70.839996,70.839996,70.839996,70.839996,70.839996,0
6/22/2026,70.580002,70.580002,70.580002,70.580002,70.580002,0
6/23/2026,69.57,69.57,69.57,69.57,69.57,0
6/24/2026,69.5,69.5,69.5,69.5,69.5,0
6/25/2026,69.489998,69.489998,69.489998,69.489998,69.489998,0
6/26/2026,69.459999,69.459999,69.459999,69.459999,69.459999,0
6/29/2026,70.279999,70.279999,70.279999,70.279999,70.279999,0
6/30/2026,70.839996,70.839996,70.839996,70.839996,70.839996,0
7/1/2026,70.690002,70.690002,70.690002,70.690002,70.690002,0
7/2/2026,70.690002,70.690002,70.690002,70.690002,70.690002,0
7/6/2026,71.209999,71.209999,71.209999,71.209999,71.209999,0
7/7/2026,70.889999,70.889999,70.889999,70.889999,70.889999,0
7/8/2026,70.690002,70.690002,70.690002,70.690002,70.690002,0
7/9/2026,71.269997,71.269997,71.269997,71.269997,71.269997,0
7/10/2026,71.57,71.57,71.57,71.57,71.57,0
7/13/2026,71.010002,71.010002,71.010002,71.010002,71.010002,0
7/14/2026,71.269997,71.269997,71.269997,71.269997,71.269997,0
7/15/2026,71.550003,71.550003,71.550003,71.550003,71.550003,0
7/16/2026,71.190002,71.190002,71.190002,71.190002,71.190002,0
7/17/2026,70.470001,70.470001,70.470001,70.470001,70.470001,0
7/20/2026,70.330002,70.330002,70.330002,70.330002,70.330002,0
7/21/2026,70.949997,70.949997,70.949997,70.949997,70.949997,0
7/22/2026,70.860001,70.860001,70.860001,70.860001,70.860001,0
7/23/2026,70,70,70,70,70,0
7/24/2026,70.040001,70.040001,70.040001,70.040001,70.040001,0
7/27/2026,70.050003,70.050003,70.050003,70.050003,70.050003,0
7/28/2026,70.199997,70.199997,70.199997,70.199997,70.199997,0
7/29/2026,69.139999,69.139999,69.139999,69.139999,69.139999,0
7/30/2026,70.290001,70.290001,70.290001,70.290001,70.290001,0
7/31/2026,70.779999,70.779999,70.779999,70.779999,70.779999,0
8/3/2026,71.830002,71.830002,71.830002,71.830002,71.830002,0
8/4/2026,73.120003,73.120003,73.120003,73.120003,73.120003,0
8/5/2026,72.989998,72.989998,72.989998,72.989998,72.989998,0
8/6/2026,72.870003,72.870003,72.870003,72.870003,72.870003,0
8/7/2026,73.32,73.32,73.32,73.32,73.32,0
8/10/2026,73.279999,73.279999,73.279999,73.279999,73.279999,0
8/11/2026,73.050003,73.050003,73.050003,73.050003,73.050003,0
8/12/2026,73.239998,73.239998,73.239998,73.239998,73.239998,0
8/13/2026,73.720001,73.720001,73.720001,73.720001,73.720001,0
8/14/2026,73.610001,73.610001,73.610001,73.610001,73.610001,0
8/17/2026,73.230003,73.230003,73.230003,73.230003,73.230003,0
8/18/2026,72.730003,72.730003,72.730003,72.730003,72.730003,0
8/19/2026,72.879997,72.879997,72.879997,72.879997,72.879997,0
8/20/2026,72.260002,72.260002,72.260002,72.260002,72.260002,0
8/21/2026,72.580002,72.580002,72.580002,72.580002,72.580002,0
8/24/2026,72.370003,72.370003,72.370003,72.370003,72.370003,0
8/25/2026,72.610001,72.610001,72.610001,72.610001,72.610001,0
8/26/2026,72.589996,72.589996,72.589996,72.589996,72.589996,0
8/27/2026,73.120003,73.120003,73.120003,73.120003,73.120003,0
8/28/2026,72.940002,72.940002,72.940002,72.940002,72.940002,0
8/31/2026,72.699997,72.699997,72.699997,72.699997,72.699997,0
9/1/2026,72.190002,72.190002,72.190002,72.190002,72.190002,0
9/2/2026,72.519997,72.519997,72.519997,72.519997,72.519997,0
9/3/2026,73.290001,73.290001,73.290001,73.290001,73.290001,0
9/4/2026,73.019997,73.019997,73.019997,73.019997,73.019997,0
9/8/2026,72.599998,72.599998,72.599998,72.599998,72.599998,0
9/9/2026,72.25,72.25,72.25,72.25,72.25,0
9/10/2026,71.839996,71.839996,71.839996,71.839996,71.839996,0
9/11/2026,72.459999,72.459999,72.459999,72.459999,72.459999,0
9/14/2026,72.110001,72.110001,72.110001,72.110001,72.110001,0
9/15/2026,71.800003,71.800003,71.800003,71.800003,71.800003,0
9/16/2026,71.480003,71.480003,71.480003,71.480003,71.480003,0
9/17/2026,72.290001,72.290001,72.290001,72.290001,72.290001,0
9/18/2026,72.410004,72.410004,72.410004,72.410004,72.410004,0
9/21/2026,73.489998,73.489998,73.489998,73.489998,73.489998,0
9/22/2026,73.489998,73.489998,73.489998,73.489998,73.489998,0
9/23/2026,72.93,72.93,72.93,72.93,72.93,0
9/24/2026,72.910004,72.910004,72.910004,72.910004,72.910004,0
9/25/2026,73.279999,73.279999,73.279999,73.279999,73.279999,0
9/28/2026,72.709999,72.709999,72.709999,72.709999,72.709999,0
9/29/2026,72.589996,72.589996,72.589996,72.589996,72.589996,0
9/30/2026,72.419998,72.419998,72.419998,72.419998,72.419998,0
10/1/2026,72.559998,72.559998,72.559998,72.559998,72.559998,0
10/2/2026,73.099998,73.099998,73.099998,73.099998,73.099998,0
